Century City,0
Boyle Heights,1
Sepulveda Basin,2
Harvard Heights,3
El Monte,4
Cypress Park,5
Broadway-Manchester,6
Glendora,7
Cheviot Hills,8
Avocado Heights,9
Tarzana,10
Chatsworth,11
Duarte,12
El Segundo,13
North El Monte,14
Wilmington,15
Fairfax,16
Industry,17
Quartz Hill,18
Compton,19
Lake Hughes,20
Artesia,21
Playa Vista,22
Beverly Hills,23
Elysian Park,24
Westchester,25
North Hills,26
Monrovia,27
Rancho Dominguez,28
Ridge Route,29
Azusa,30
Harbor Gateway,31
Hawaiian Gardens,32
Historic South-Central,33
Hasley Canyon,34
South Gate,35
Leimert Park,36
East San Gabriel,37
Inglewood,38
West Covina,39
Rolling Hills Estates,40
Sun Village,41
Carthay,42
Montecito Heights,43
Harbor City,44
Veterans Administration,45
Granada Hills,46
Cerritos,47
Pico-Union,48
Palms,49
La Mirada,50
Palos Verdes Estates,51
Green Valley,52
West Hills,53
South San Jose Hills,54
West Whittier-Los Nietos,55
West Hollywood,56
Chinatown,57
Studio City,58
El Sereno,59
Adams-Normandie,60
Universal City,61
Agua Dulce,62
Mayflower Village,63
Lomita,64
Castaic Canyons,65
Bellflower,66
Glendale,67
Del Aire,68
Pasadena,69
Downtown,70
Santa Fe Springs,71
South Whittier,72
Arleta,73
Redondo Beach,74
Sun Valley,75
Ladera Heights,76
North Whittier,77
Windsor Square,78
Castaic,79
Signal Hill,80
Los Feliz,81
East Los Angeles,82
Hollywood Hills West,83
Palmdale,84
Claremont,85
Alondra Park,86
Gramercy Park,87
Avalon,88
Diamond Bar,89
Westmont,90
Norwalk,91
Arcadia,92
Lopez/Kagel Canyons,93
La Crescenta-Montrose,94
Hancock Park,95
Covina,96
Northwest Antelope Valley,97
Bell,98
Mid-City,99
Pico-Robertson,100
Sierra Madre,101
Highland Park,102
Sawtelle,103
Valley Glen,104
Vermont Square,105
Walnut,106
Green Meadows,107
Beverlywood,108
Lincoln Heights,109
Southeast Antelope Valley,110
Vincent,111
Citrus,112
Rolling Hills,113
Chatsworth Reservoir,114
Watts,115
Willowbrook,116
Beverly Crest,117
Rancho Park,118
Silver Lake,119
West Compton,120
Alhambra,121
Pacoima,122
Agoura Hills,123
East Hollywood,124
Mount Washington,125
San Dimas,126
Florence-Firestone,127
East Pasadena,128
Rancho Palos Verdes,129
Sylmar,130
Atwater Village,131
Westlake,132
Brentwood,133
Glassell Park,134
Elysian Valley,135
Manhattan Beach,136
Harvard Park,137
Westlake Village,138
Hacienda Heights,139
Tujunga,140
Pacific Palisades,141
Mar Vista,142
Rowland Heights,143
Northeast Antelope Valley,144
La Habra Heights,145
Irwindale,146
Del Rey,147
Topanga,148
Montebello,149
Panorama City,150
Pico Rivera,151
South Park,152
Acton,153
Chesterfield Square,154
Cudahy,155
Venice,156
Downey,157
Desert View Highlands,158
Baldwin Park,159
Hawthorne,160
Unincorporated Santa Susana Mountains,161
Leona Valley,162
Vernon,163
Hollywood Hills,164
Porter Ranch,165
Bradbury,166
La Puente,167
Santa Monica,168
Val Verde,169
Lakewood,170
Playa del Rey,171
Tujunga Canyons,172
Long Beach,173
San Fernando,174
Unincorporated Catalina Island,175
Angeles Crest,176
Sherman Oaks,177
Vermont-Slauson,178
Paramount,179
Carson,180
East Compton,181
Monterey Park,182
Santa Clarita,183
Sunland,184
South Pasadena,185
Hollywood,186
San Pedro,187
Northridge,188
Valinda,189
Van Nuys,190
Commerce,191
Toluca Lake,192
Echo Park,193
Pomona,194
East Whittier,195
Malibu,196
Griffith Park,197
View Park-Windsor Hills,198
South San Gabriel,199
Woodland Hills,200
Hermosa Beach,201
Canoga Park,202
Hyde Park,203
Central-Alameda,204
Torrance,205
San Pasqual,206
Unincorporated Santa Monica Mountains,207
Eagle Rock,208
Temple City,209
West Los Angeles,210
Arlington Heights,211
Huntington Park,212
Calabasas,213
West Adams,214
Culver City,215
Reseda,216
South El Monte,217
University Park,218
Lake View Terrace,219
West Puente Valley,220
Shadow Hills,221
Florence,222
Lake Los Angeles,223
Whittier,224
Northwest Palmdale,225
Vermont Knolls,226
Baldwin Hills/Crenshaw,227
Altadena,228
Lancaster,229
La Verne,230
Westwood,231
Valley Village,232
Rosemead,233
La Canada Flintridge,234
Gardena,235
North Hollywood,236
Marina del Rey,237
Charter Oak,238
South Diamond Bar,239
Jefferson Park,240
Encino,241
Bel-Air,242
Lake Balboa,243
Beverly Grove,244
Larchmont,245
Exposition Park,246
San Gabriel,247
Burbank,248
San Marino,249
Bell Gardens,250
Vermont Vista,251
Lennox,252
Winnetka,253
West Carson,254
Lynwood,255
Lawndale,256
Maywood,257
Athens,258
Koreatown,259
Mission Hills,260
Mid-Wilshire,261
Manchester Square,262
Stevenson Ranch,263
